{
  "1": {
    "mean_cl100k_tokens": 621.5615384615385,
    "min_cl100k_tokens": 121,
    "max_cl100k_tokens": 4816,
    "n_instances": 130
  },
  "2": {
    "mean_cl100k_tokens": 1560.9769230769232,
    "min_cl100k_tokens": 167,
    "max_cl100k_tokens": 21610,
    "n_instances": 130
  },
  "3": {
    "mean_cl100k_tokens": 2505.876923076923,
    "min_cl100k_tokens": 209,
    "max_cl100k_tokens": 21787,
    "n_instances": 130
  },
  "4": {
    "mean_cl100k_tokens": 3100.5153846153844,
    "min_cl100k_tokens": 237,
    "max_cl100k_tokens": 22145,
    "n_instances": 130
  },
  "6": {
    "mean_cl100k_tokens": 4227.884615384615,
    "min_cl100k_tokens": 540,
    "max_cl100k_tokens": 22912,
    "n_instances": 130
  },
  "8": {
    "mean_cl100k_tokens": 5452.2692307692305,
    "min_cl100k_tokens": 647,
    "max_cl100k_tokens": 23667,
    "n_instances": 130
  },
  "10": {
    "mean_cl100k_tokens": 6937.223076923077,
    "min_cl100k_tokens": 801,
    "max_cl100k_tokens": 23029,
    "n_instances": 130
  },
  "12": {
    "mean_cl100k_tokens": 8325.423076923076,
    "min_cl100k_tokens": 991,
    "max_cl100k_tokens": 23715,
    "n_instances": 130
  },
  "16": {
    "mean_cl100k_tokens": 10482.715384615385,
    "min_cl100k_tokens": 1386,
    "max_cl100k_tokens": 24183,
    "n_instances": 130
  },
  "20": {
    "mean_cl100k_tokens": 12286.892307692307,
    "min_cl100k_tokens": 1723,
    "max_cl100k_tokens": 23822,
    "n_instances": 130
  },
  "24": {
    "mean_cl100k_tokens": 13751.861538461539,
    "min_cl100k_tokens": 2101,
    "max_cl100k_tokens": 24085,
    "n_instances": 130
  },
  "32": {
    "mean_cl100k_tokens": 17344.623076923075,
    "min_cl100k_tokens": 3147,
    "max_cl100k_tokens": 24791,
    "n_instances": 130
  }
}