{
  "1": {
    "mean_cl100k_tokens": 621.5615384615385,
    "min_cl100k_tokens": 121,
    "max_cl100k_tokens": 4816,
    "n_instances": 130
  },
  "2": {
    "mean_cl100k_tokens": 1560.9769230769232,
    "min_cl100k_tokens": 167,
    "max_cl100k_tokens": 21610,
    "n_instances": 130
  },
  "3": {
    "mean_cl100k_tokens": 2505.876923076923,
    "min_cl100k_tokens": 209,
    "max_cl100k_tokens": 21787,
    "n_instances": 130
  },
  "4": {
    "mean_cl100k_tokens": 3100.5153846153844,
    "min_cl100k_tokens": 237,
    "max_cl100k_tokens": 22145,
    "n_instances": 130
  },
  "6": {
    "mean_cl100k_tokens": 4545.584615384615,
    "min_cl100k_tokens": 540,
    "max_cl100k_tokens": 25257,
    "n_instances": 130
  },
  "8": {
    "mean_cl100k_tokens": 5625.246153846154,
    "min_cl100k_tokens": 647,
    "max_cl100k_tokens": 24328,
    "n_instances": 130
  },
  "10": {
    "mean_cl100k_tokens": 7115.623076923077,
    "min_cl100k_tokens": 801,
    "max_cl100k_tokens": 24672,
    "n_instances": 130
  },
  "12": {
    "mean_cl100k_tokens": 8552.346153846154,
    "min_cl100k_tokens": 991,
    "max_cl100k_tokens": 25702,
    "n_instances": 130
  },
  "16": {
    "mean_cl100k_tokens": 11158.923076923076,
    "min_cl100k_tokens": 1386,
    "max_cl100k_tokens": 26568,
    "n_instances": 130
  },
  "20": {
    "mean_cl100k_tokens": 12940.4,
    "min_cl100k_tokens": 1723,
    "max_cl100k_tokens": 26588,
    "n_instances": 130
  },
  "24": {
    "mean_cl100k_tokens": 14411.253846153846,
    "min_cl100k_tokens": 2101,
    "max_cl100k_tokens": 26966,
    "n_instances": 130
  },
  "32": {
    "mean_cl100k_tokens": 18256.2,
    "min_cl100k_tokens": 3147,
    "max_cl100k_tokens": 27687,
    "n_instances": 130
  }
}