{
  "1": {
    "mean_cl100k_tokens": 413.44897959183675,
    "min_cl100k_tokens": 131,
    "max_cl100k_tokens": 2225,
    "n_instances": 49
  },
  "2": {
    "mean_cl100k_tokens": 685.0816326530612,
    "min_cl100k_tokens": 250,
    "max_cl100k_tokens": 2548,
    "n_instances": 49
  },
  "3": {
    "mean_cl100k_tokens": 1008.7551020408164,
    "min_cl100k_tokens": 279,
    "max_cl100k_tokens": 3010,
    "n_instances": 49
  },
  "4": {
    "mean_cl100k_tokens": 1408.9795918367347,
    "min_cl100k_tokens": 347,
    "max_cl100k_tokens": 3362,
    "n_instances": 49
  },
  "6": {
    "mean_cl100k_tokens": 2061.0,
    "min_cl100k_tokens": 611,
    "max_cl100k_tokens": 4633,
    "n_instances": 49
  },
  "8": {
    "mean_cl100k_tokens": 2588.877551020408,
    "min_cl100k_tokens": 941,
    "max_cl100k_tokens": 5150,
    "n_instances": 49
  },
  "10": {
    "mean_cl100k_tokens": 3138.5102040816328,
    "min_cl100k_tokens": 1146,
    "max_cl100k_tokens": 5607,
    "n_instances": 49
  },
  "12": {
    "mean_cl100k_tokens": 3701.204081632653,
    "min_cl100k_tokens": 1507,
    "max_cl100k_tokens": 6089,
    "n_instances": 49
  },
  "16": {
    "mean_cl100k_tokens": 4894.938775510204,
    "min_cl100k_tokens": 2402,
    "max_cl100k_tokens": 6967,
    "n_instances": 49
  },
  "20": {
    "mean_cl100k_tokens": 6069.183673469388,
    "min_cl100k_tokens": 3505,
    "max_cl100k_tokens": 8347,
    "n_instances": 49
  },
  "24": {
    "mean_cl100k_tokens": 7368.061224489796,
    "min_cl100k_tokens": 4765,
    "max_cl100k_tokens": 9708,
    "n_instances": 49
  },
  "32": {
    "mean_cl100k_tokens": 9721.081632653062,
    "min_cl100k_tokens": 6578,
    "max_cl100k_tokens": 12124,
    "n_instances": 49
  }
}