{
  "1": {
    "mean_cl100k_tokens": 1069.1619047619047,
    "min_cl100k_tokens": 133,
    "max_cl100k_tokens": 11559,
    "n_instances": 105
  },
  "2": {
    "mean_cl100k_tokens": 2255.285714285714,
    "min_cl100k_tokens": 183,
    "max_cl100k_tokens": 17924,
    "n_instances": 105
  },
  "3": {
    "mean_cl100k_tokens": 3210.447619047619,
    "min_cl100k_tokens": 329,
    "max_cl100k_tokens": 18501,
    "n_instances": 105
  },
  "4": {
    "mean_cl100k_tokens": 3843.285714285714,
    "min_cl100k_tokens": 404,
    "max_cl100k_tokens": 19975,
    "n_instances": 105
  },
  "6": {
    "mean_cl100k_tokens": 5277.133333333333,
    "min_cl100k_tokens": 622,
    "max_cl100k_tokens": 22106,
    "n_instances": 105
  },
  "8": {
    "mean_cl100k_tokens": 6467.161904761905,
    "min_cl100k_tokens": 1019,
    "max_cl100k_tokens": 22401,
    "n_instances": 105
  },
  "10": {
    "mean_cl100k_tokens": 7774.238095238095,
    "min_cl100k_tokens": 1218,
    "max_cl100k_tokens": 22900,
    "n_instances": 105
  },
  "12": {
    "mean_cl100k_tokens": 8717.295238095237,
    "min_cl100k_tokens": 1540,
    "max_cl100k_tokens": 23422,
    "n_instances": 105
  },
  "16": {
    "mean_cl100k_tokens": 11292.942857142858,
    "min_cl100k_tokens": 2513,
    "max_cl100k_tokens": 22832,
    "n_instances": 105
  },
  "20": {
    "mean_cl100k_tokens": 13663.933333333332,
    "min_cl100k_tokens": 3724,
    "max_cl100k_tokens": 23477,
    "n_instances": 105
  },
  "24": {
    "mean_cl100k_tokens": 15293.638095238095,
    "min_cl100k_tokens": 4325,
    "max_cl100k_tokens": 24155,
    "n_instances": 105
  },
  "32": {
    "mean_cl100k_tokens": 17801.82857142857,
    "min_cl100k_tokens": 6734,
    "max_cl100k_tokens": 24244,
    "n_instances": 105
  }
}